--------------------------------------------------------
--  File created - Saturday-March-28-2026   
--------------------------------------------------------
--------------------------------------------------------
--  DDL for Sequence TASKS_SEQ
--------------------------------------------------------

   CREATE SEQUENCE  "GAMIFY"."TASKS_SEQ"  MINVALUE 1 MAXVALUE 9999999999999999999999999999 INCREMENT BY 1 START WITH 110 CACHE 20 NOORDER  NOCYCLE  NOKEEP  NOSCALE  GLOBAL ;
--------------------------------------------------------
--  DDL for Sequence USERS_SEQ
--------------------------------------------------------

   CREATE SEQUENCE  "GAMIFY"."USERS_SEQ"  MINVALUE 1 MAXVALUE 9999999999999999999999999999 INCREMENT BY 1 START WITH 127 CACHE 20 NOORDER  NOCYCLE  NOKEEP  NOSCALE  GLOBAL ;
--------------------------------------------------------
--  DDL for Table ACHIEVEMENTS
--------------------------------------------------------

  CREATE TABLE "GAMIFY"."ACHIEVEMENTS" 
   (	"USER_ID" NUMBER, 
	"ACHIEVEMENT" VARCHAR2(100 BYTE)
   ) SEGMENT CREATION IMMEDIATE 
  PCTFREE 10 PCTUSED 40 INITRANS 1 MAXTRANS 255 
 NOCOMPRESS LOGGING
  STORAGE(INITIAL 65536 NEXT 1048576 MINEXTENTS 1 MAXEXTENTS 2147483645
  PCTINCREASE 0 FREELISTS 1 FREELIST GROUPS 1
  BUFFER_POOL DEFAULT FLASH_CACHE DEFAULT CELL_FLASH_CACHE DEFAULT)
  TABLESPACE "USERS" ;
  GRANT DELETE ON "GAMIFY"."ACHIEVEMENTS" TO "GAMIFY_ADMIN_ROLE";
  GRANT INSERT ON "GAMIFY"."ACHIEVEMENTS" TO "GAMIFY_ADMIN_ROLE";
  GRANT SELECT ON "GAMIFY"."ACHIEVEMENTS" TO "GAMIFY_ADMIN_ROLE";
  GRANT UPDATE ON "GAMIFY"."ACHIEVEMENTS" TO "GAMIFY_ADMIN_ROLE";
  GRANT DELETE ON "GAMIFY"."ACHIEVEMENTS" TO "GAMIFY_PLAYER_ROLE";
  GRANT INSERT ON "GAMIFY"."ACHIEVEMENTS" TO "GAMIFY_PLAYER_ROLE";
  GRANT SELECT ON "GAMIFY"."ACHIEVEMENTS" TO "GAMIFY_PLAYER_ROLE";
  GRANT UPDATE ON "GAMIFY"."ACHIEVEMENTS" TO "GAMIFY_PLAYER_ROLE";
--------------------------------------------------------
--  DDL for Table TASKS
--------------------------------------------------------

  CREATE TABLE "GAMIFY"."TASKS" 
   (	"TASK_ID" NUMBER, 
	"USER_ID" NUMBER, 
	"TITLE" VARCHAR2(100 BYTE), 
	"DESCRIPTION" VARCHAR2(1000 BYTE), 
	"TASK_TYPE" VARCHAR2(20 BYTE), 
	"DIFFICULTY" VARCHAR2(20 BYTE), 
	"CATEGORY" VARCHAR2(20 BYTE), 
	"COMPLETED" CHAR(1 BYTE) DEFAULT 'N', 
	"DUE_DATE" DATE, 
	"CREATED_AT" TIMESTAMP (6), 
	"COMPLETED_AT" TIMESTAMP (6)
   ) SEGMENT CREATION IMMEDIATE 
  PCTFREE 10 PCTUSED 40 INITRANS 1 MAXTRANS 255 
 NOCOMPRESS LOGGING
  STORAGE(INITIAL 65536 NEXT 1048576 MINEXTENTS 1 MAXEXTENTS 2147483645
  PCTINCREASE 0 FREELISTS 1 FREELIST GROUPS 1
  BUFFER_POOL DEFAULT FLASH_CACHE DEFAULT CELL_FLASH_CACHE DEFAULT)
  TABLESPACE "USERS" ;
  GRANT DELETE ON "GAMIFY"."TASKS" TO "GAMIFY_ADMIN_ROLE";
  GRANT INSERT ON "GAMIFY"."TASKS" TO "GAMIFY_ADMIN_ROLE";
  GRANT SELECT ON "GAMIFY"."TASKS" TO "GAMIFY_ADMIN_ROLE";
  GRANT UPDATE ON "GAMIFY"."TASKS" TO "GAMIFY_ADMIN_ROLE";
  GRANT DELETE ON "GAMIFY"."TASKS" TO "GAMIFY_PLAYER_ROLE";
  GRANT INSERT ON "GAMIFY"."TASKS" TO "GAMIFY_PLAYER_ROLE";
  GRANT SELECT ON "GAMIFY"."TASKS" TO "GAMIFY_PLAYER_ROLE";
  GRANT UPDATE ON "GAMIFY"."TASKS" TO "GAMIFY_PLAYER_ROLE";
--------------------------------------------------------
--  DDL for Table USERS
--------------------------------------------------------

  CREATE TABLE "GAMIFY"."USERS" 
   (	"USER_ID" NUMBER, 
	"USERNAME" VARCHAR2(50 BYTE), 
	"ROLE" VARCHAR2(20 BYTE), 
	"TOTAL_POINTS" NUMBER DEFAULT 0, 
	"CURRENT_STREAK" NUMBER DEFAULT 0, 
	"LONGEST_STREAK" NUMBER DEFAULT 0, 
	"LAST_COMPLETION_DATE" DATE, 
	"RANK_NAME" VARCHAR2(30 BYTE), 
	"PASSWORD_HASH" VARCHAR2(255 BYTE)
   ) SEGMENT CREATION IMMEDIATE 
  PCTFREE 10 PCTUSED 40 INITRANS 1 MAXTRANS 255 
 NOCOMPRESS LOGGING
  STORAGE(INITIAL 65536 NEXT 1048576 MINEXTENTS 1 MAXEXTENTS 2147483645
  PCTINCREASE 0 FREELISTS 1 FREELIST GROUPS 1
  BUFFER_POOL DEFAULT FLASH_CACHE DEFAULT CELL_FLASH_CACHE DEFAULT)
  TABLESPACE "USERS" ;
  GRANT DELETE ON "GAMIFY"."USERS" TO "GAMIFY_ADMIN_ROLE";
  GRANT INSERT ON "GAMIFY"."USERS" TO "GAMIFY_ADMIN_ROLE";
  GRANT SELECT ON "GAMIFY"."USERS" TO "GAMIFY_ADMIN_ROLE";
  GRANT UPDATE ON "GAMIFY"."USERS" TO "GAMIFY_ADMIN_ROLE";
  GRANT SELECT ON "GAMIFY"."USERS" TO "GAMIFY_PLAYER_ROLE";
REM INSERTING into GAMIFY.ACHIEVEMENTS
SET DEFINE OFF;
Insert into GAMIFY.ACHIEVEMENTS (USER_ID,ACHIEVEMENT) values (1,'Bookworm (10 study tasks)');
Insert into GAMIFY.ACHIEVEMENTS (USER_ID,ACHIEVEMENT) values (1,'Early Bird (task before 8 AM)');
Insert into GAMIFY.ACHIEVEMENTS (USER_ID,ACHIEVEMENT) values (1,'First Blood');
Insert into GAMIFY.ACHIEVEMENTS (USER_ID,ACHIEVEMENT) values (1,'Level 5 Reached');
Insert into GAMIFY.ACHIEVEMENTS (USER_ID,ACHIEVEMENT) values (1,'Night Owl (task after 10 PM)');
Insert into GAMIFY.ACHIEVEMENTS (USER_ID,ACHIEVEMENT) values (1,'Perfectionist (5 tasks before due date)');
Insert into GAMIFY.ACHIEVEMENTS (USER_ID,ACHIEVEMENT) values (1,'Rookie Scorer (100 pts)');
Insert into GAMIFY.ACHIEVEMENTS (USER_ID,ACHIEVEMENT) values (1,'Task Grinder (10 tasks)');
Insert into GAMIFY.ACHIEVEMENTS (USER_ID,ACHIEVEMENT) values (2,'First Blood');
Insert into GAMIFY.ACHIEVEMENTS (USER_ID,ACHIEVEMENT) values (2,'Rookie Scorer (100 pts)');
Insert into GAMIFY.ACHIEVEMENTS (USER_ID,ACHIEVEMENT) values (107,'Early Bird (task before 8 AM)');
Insert into GAMIFY.ACHIEVEMENTS (USER_ID,ACHIEVEMENT) values (107,'First Blood');
REM INSERTING into GAMIFY.TASKS
SET DEFINE OFF;
Insert into GAMIFY.TASKS (TASK_ID,USER_ID,TITLE,DESCRIPTION,TASK_TYPE,DIFFICULTY,CATEGORY,COMPLETED,DUE_DATE,CREATED_AT,COMPLETED_AT) values (1,2,'Read two chapters','continue where you left of on the quran','WEEKLY','EASY','PERSONAL','N',to_date('27-NOV-25','DD-MON-RR'),to_timestamp('20-NOV-25 08.17.56.749861000 AM','DD-MON-RR HH.MI.SSXFF AM'),null);
Insert into GAMIFY.TASKS (TASK_ID,USER_ID,TITLE,DESCRIPTION,TASK_TYPE,DIFFICULTY,CATEGORY,COMPLETED,DUE_DATE,CREATED_AT,COMPLETED_AT) values (30,1,'Build API','Create /tasks endpoints','ONE_TIME','HARD','STUDY','Y',to_date('25-JAN-26','DD-MON-RR'),to_timestamp('20-JAN-26 01.30.03.515630000 AM','DD-MON-RR HH.MI.SSXFF AM'),to_timestamp('20-JAN-26 01.30.46.971620000 AM','DD-MON-RR HH.MI.SSXFF AM'));
Insert into GAMIFY.TASKS (TASK_ID,USER_ID,TITLE,DESCRIPTION,TASK_TYPE,DIFFICULTY,CATEGORY,COMPLETED,DUE_DATE,CREATED_AT,COMPLETED_AT) values (33,1,'Test Task','From API','DAILY','EASY','STUDY','Y',to_date('22-JAN-26','DD-MON-RR'),to_timestamp('20-JAN-26 04.21.37.547876000 AM','DD-MON-RR HH.MI.SSXFF AM'),to_timestamp('22-JAN-26 10.04.59.229163000 PM','DD-MON-RR HH.MI.SSXFF AM'));
Insert into GAMIFY.TASKS (TASK_ID,USER_ID,TITLE,DESCRIPTION,TASK_TYPE,DIFFICULTY,CATEGORY,COMPLETED,DUE_DATE,CREATED_AT,COMPLETED_AT) values (34,1,'Test Task','From API','WEEKLY','HARD','STUDY','Y',to_date('21-JAN-26','DD-MON-RR'),to_timestamp('20-JAN-26 04.22.31.918972000 AM','DD-MON-RR HH.MI.SSXFF AM'),to_timestamp('20-JAN-26 04.23.00.490697000 AM','DD-MON-RR HH.MI.SSXFF AM'));
Insert into GAMIFY.TASKS (TASK_ID,USER_ID,TITLE,DESCRIPTION,TASK_TYPE,DIFFICULTY,CATEGORY,COMPLETED,DUE_DATE,CREATED_AT,COMPLETED_AT) values (35,1,'Test Task','From API','WEEKLY','HARD','STUDY','Y',to_date('28-JAN-26','DD-MON-RR'),to_timestamp('20-JAN-26 04.23.00.663378000 AM','DD-MON-RR HH.MI.SSXFF AM'),to_timestamp('22-JAN-26 11.06.12.582031000 PM','DD-MON-RR HH.MI.SSXFF AM'));
Insert into GAMIFY.TASKS (TASK_ID,USER_ID,TITLE,DESCRIPTION,TASK_TYPE,DIFFICULTY,CATEGORY,COMPLETED,DUE_DATE,CREATED_AT,COMPLETED_AT) values (36,47,'Edited title','after','WEEKLY','EASY','OTHER','N',to_date('27-JAN-26','DD-MON-RR'),to_timestamp('20-JAN-26 04.50.15.256170000 AM','DD-MON-RR HH.MI.SSXFF AM'),null);
Insert into GAMIFY.TASKS (TASK_ID,USER_ID,TITLE,DESCRIPTION,TASK_TYPE,DIFFICULTY,CATEGORY,COMPLETED,DUE_DATE,CREATED_AT,COMPLETED_AT) values (53,1,'Test Task','From API','DAILY','EASY','STUDY','Y',to_date('25-JAN-26','DD-MON-RR'),to_timestamp('22-JAN-26 11.06.56.592120000 PM','DD-MON-RR HH.MI.SSXFF AM'),to_timestamp('22-JAN-26 11.07.12.294291000 PM','DD-MON-RR HH.MI.SSXFF AM'));
Insert into GAMIFY.TASKS (TASK_ID,USER_ID,TITLE,DESCRIPTION,TASK_TYPE,DIFFICULTY,CATEGORY,COMPLETED,DUE_DATE,CREATED_AT,COMPLETED_AT) values (54,1,'Test Task','From API','WEEKLY','HARD','STUDY','Y',to_date('11-FEB-26','DD-MON-RR'),to_timestamp('22-JAN-26 11.07.11.141267000 PM','DD-MON-RR HH.MI.SSXFF AM'),to_timestamp('22-JAN-26 11.08.32.237228000 PM','DD-MON-RR HH.MI.SSXFF AM'));
Insert into GAMIFY.TASKS (TASK_ID,USER_ID,TITLE,DESCRIPTION,TASK_TYPE,DIFFICULTY,CATEGORY,COMPLETED,DUE_DATE,CREATED_AT,COMPLETED_AT) values (56,1,'Test Task','From API','WEEKLY','HARD','STUDY','Y',to_date('18-FEB-26','DD-MON-RR'),to_timestamp('22-JAN-26 11.08.32.429562000 PM','DD-MON-RR HH.MI.SSXFF AM'),to_timestamp('22-JAN-26 11.57.05.126162000 PM','DD-MON-RR HH.MI.SSXFF AM'));
Insert into GAMIFY.TASKS (TASK_ID,USER_ID,TITLE,DESCRIPTION,TASK_TYPE,DIFFICULTY,CATEGORY,COMPLETED,DUE_DATE,CREATED_AT,COMPLETED_AT) values (72,2,'ay','ayyyyyyy','DAILY','MEDIUM','HEALTH','Y',null,to_timestamp('23-JAN-26 12.36.42.311218000 PM','DD-MON-RR HH.MI.SSXFF AM'),to_timestamp('23-JAN-26 12.36.48.036828000 PM','DD-MON-RR HH.MI.SSXFF AM'));
Insert into GAMIFY.TASKS (TASK_ID,USER_ID,TITLE,DESCRIPTION,TASK_TYPE,DIFFICULTY,CATEGORY,COMPLETED,DUE_DATE,CREATED_AT,COMPLETED_AT) values (73,2,'ay','ayyyyyyy','DAILY','MEDIUM','HEALTH','Y',to_date('24-JAN-26','DD-MON-RR'),to_timestamp('23-JAN-26 12.36.48.425853000 PM','DD-MON-RR HH.MI.SSXFF AM'),to_timestamp('23-JAN-26 01.10.56.937996000 PM','DD-MON-RR HH.MI.SSXFF AM'));
Insert into GAMIFY.TASKS (TASK_ID,USER_ID,TITLE,DESCRIPTION,TASK_TYPE,DIFFICULTY,CATEGORY,COMPLETED,DUE_DATE,CREATED_AT,COMPLETED_AT) values (74,2,'daily','daily mock task','DAILY','MEDIUM','HEALTH','Y',to_date('23-JAN-26','DD-MON-RR'),to_timestamp('23-JAN-26 01.10.57.322502000 PM','DD-MON-RR HH.MI.SSXFF AM'),to_timestamp('23-JAN-26 01.23.58.722289000 PM','DD-MON-RR HH.MI.SSXFF AM'));
Insert into GAMIFY.TASKS (TASK_ID,USER_ID,TITLE,DESCRIPTION,TASK_TYPE,DIFFICULTY,CATEGORY,COMPLETED,DUE_DATE,CREATED_AT,COMPLETED_AT) values (90,1,'cook','make food','MONTHLY','HARD','PERSONAL','N',null,to_timestamp('07-FEB-26 12.30.36.530895000 AM','DD-MON-RR HH.MI.SSXFF AM'),null);
Insert into GAMIFY.TASKS (TASK_ID,USER_ID,TITLE,DESCRIPTION,TASK_TYPE,DIFFICULTY,CATEGORY,COMPLETED,DUE_DATE,CREATED_AT,COMPLETED_AT) values (3,1,'p3 course','finish p3 project','ONE_TIME','HARD','STUDY','Y',to_date('12-JAN-26','DD-MON-RR'),to_timestamp('11-JAN-26 12.22.30.653138000 PM','DD-MON-RR HH.MI.SSXFF AM'),to_timestamp('11-JAN-26 12.23.25.527812000 PM','DD-MON-RR HH.MI.SSXFF AM'));
Insert into GAMIFY.TASKS (TASK_ID,USER_ID,TITLE,DESCRIPTION,TASK_TYPE,DIFFICULTY,CATEGORY,COMPLETED,DUE_DATE,CREATED_AT,COMPLETED_AT) values (4,1,'play','entertain yourself','DAILY','EASY','PERSONAL','Y',to_date('11-JAN-26','DD-MON-RR'),to_timestamp('11-JAN-26 12.47.38.533498000 PM','DD-MON-RR HH.MI.SSXFF AM'),to_timestamp('20-JAN-26 03.57.02.894635000 AM','DD-MON-RR HH.MI.SSXFF AM'));
Insert into GAMIFY.TASKS (TASK_ID,USER_ID,TITLE,DESCRIPTION,TASK_TYPE,DIFFICULTY,CATEGORY,COMPLETED,DUE_DATE,CREATED_AT,COMPLETED_AT) values (2,2,'GYM LEG DAY','HIT LEGS','MONTHLY','HARD','HEALTH','Y',to_date('20-DEC-25','DD-MON-RR'),to_timestamp('20-NOV-25 08.18.31.600937000 AM','DD-MON-RR HH.MI.SSXFF AM'),to_timestamp('20-NOV-25 08.18.47.282124000 AM','DD-MON-RR HH.MI.SSXFF AM'));
Insert into GAMIFY.TASKS (TASK_ID,USER_ID,TITLE,DESCRIPTION,TASK_TYPE,DIFFICULTY,CATEGORY,COMPLETED,DUE_DATE,CREATED_AT,COMPLETED_AT) values (50,1,'Test Task','From API','DAILY','EASY','STUDY','Y',to_date('23-JAN-26','DD-MON-RR'),to_timestamp('22-JAN-26 10.04.59.464196000 PM','DD-MON-RR HH.MI.SSXFF AM'),to_timestamp('22-JAN-26 11.06.07.371561000 PM','DD-MON-RR HH.MI.SSXFF AM'));
Insert into GAMIFY.TASKS (TASK_ID,USER_ID,TITLE,DESCRIPTION,TASK_TYPE,DIFFICULTY,CATEGORY,COMPLETED,DUE_DATE,CREATED_AT,COMPLETED_AT) values (32,1,'Test Task','From API','DAILY','EASY','STUDY','Y',to_date('21-JAN-26','DD-MON-RR'),to_timestamp('20-JAN-26 04.21.01.349887000 AM','DD-MON-RR HH.MI.SSXFF AM'),to_timestamp('20-JAN-26 04.21.37.368713000 AM','DD-MON-RR HH.MI.SSXFF AM'));
Insert into GAMIFY.TASKS (TASK_ID,USER_ID,TITLE,DESCRIPTION,TASK_TYPE,DIFFICULTY,CATEGORY,COMPLETED,DUE_DATE,CREATED_AT,COMPLETED_AT) values (78,2,'HW','hw for my childern','WEEKLY','HARD','OTHER','N',to_date('06-FEB-26','DD-MON-RR'),to_timestamp('23-JAN-26 01.41.02.018678000 PM','DD-MON-RR HH.MI.SSXFF AM'),null);
Insert into GAMIFY.TASKS (TASK_ID,USER_ID,TITLE,DESCRIPTION,TASK_TYPE,DIFFICULTY,CATEGORY,COMPLETED,DUE_DATE,CREATED_AT,COMPLETED_AT) values (58,1,'Test Task','From API','DAILY','EASY','STUDY','N',to_date('27-JAN-26','DD-MON-RR'),to_timestamp('23-JAN-26 12.15.35.677958000 AM','DD-MON-RR HH.MI.SSXFF AM'),null);
Insert into GAMIFY.TASKS (TASK_ID,USER_ID,TITLE,DESCRIPTION,TASK_TYPE,DIFFICULTY,CATEGORY,COMPLETED,DUE_DATE,CREATED_AT,COMPLETED_AT) values (5,1,'gym','hit the gym','DAILY','MEDIUM','HEALTH','Y',to_date('11-JAN-26','DD-MON-RR'),to_timestamp('11-JAN-26 12.55.41.351803000 PM','DD-MON-RR HH.MI.SSXFF AM'),to_timestamp('11-JAN-26 12.55.56.043662000 PM','DD-MON-RR HH.MI.SSXFF AM'));
Insert into GAMIFY.TASKS (TASK_ID,USER_ID,TITLE,DESCRIPTION,TASK_TYPE,DIFFICULTY,CATEGORY,COMPLETED,DUE_DATE,CREATED_AT,COMPLETED_AT) values (60,1,'try not to kill yourself','Despite how good it sounds, it’s best not to do it.','DAILY','HARD','PERSONAL','N',to_date('24-JAN-26','DD-MON-RR'),to_timestamp('23-JAN-26 02.43.42.601505000 AM','DD-MON-RR HH.MI.SSXFF AM'),null);
Insert into GAMIFY.TASKS (TASK_ID,USER_ID,TITLE,DESCRIPTION,TASK_TYPE,DIFFICULTY,CATEGORY,COMPLETED,DUE_DATE,CREATED_AT,COMPLETED_AT) values (59,1,'try not to kill yourself','Despite how good it sounds, it’s best not to do it.','DAILY','HARD','PERSONAL','Y',null,to_timestamp('23-JAN-26 02.43.35.302217000 AM','DD-MON-RR HH.MI.SSXFF AM'),to_timestamp('23-JAN-26 02.43.42.406223000 AM','DD-MON-RR HH.MI.SSXFF AM'));
Insert into GAMIFY.TASKS (TASK_ID,USER_ID,TITLE,DESCRIPTION,TASK_TYPE,DIFFICULTY,CATEGORY,COMPLETED,DUE_DATE,CREATED_AT,COMPLETED_AT) values (55,1,'Test Task','From API','DAILY','EASY','STUDY','Y',to_date('26-JAN-26','DD-MON-RR'),to_timestamp('22-JAN-26 11.07.12.480688000 PM','DD-MON-RR HH.MI.SSXFF AM'),to_timestamp('23-JAN-26 12.15.35.481915000 AM','DD-MON-RR HH.MI.SSXFF AM'));
Insert into GAMIFY.TASKS (TASK_ID,USER_ID,TITLE,DESCRIPTION,TASK_TYPE,DIFFICULTY,CATEGORY,COMPLETED,DUE_DATE,CREATED_AT,COMPLETED_AT) values (57,1,'Test Task','From API','WEEKLY','HARD','STUDY','N',to_date('25-FEB-26','DD-MON-RR'),to_timestamp('22-JAN-26 11.57.05.331794000 PM','DD-MON-RR HH.MI.SSXFF AM'),null);
Insert into GAMIFY.TASKS (TASK_ID,USER_ID,TITLE,DESCRIPTION,TASK_TYPE,DIFFICULTY,CATEGORY,COMPLETED,DUE_DATE,CREATED_AT,COMPLETED_AT) values (65,107,'practice the guitar','learn how to play dream on','DAILY','MEDIUM','PERSONAL','N',to_date('26-JAN-26','DD-MON-RR'),to_timestamp('23-JAN-26 04.30.22.447504000 AM','DD-MON-RR HH.MI.SSXFF AM'),null);
Insert into GAMIFY.TASKS (TASK_ID,USER_ID,TITLE,DESCRIPTION,TASK_TYPE,DIFFICULTY,CATEGORY,COMPLETED,DUE_DATE,CREATED_AT,COMPLETED_AT) values (61,1,'to be edited','iono','DAILY','MEDIUM','HEALTH','N',to_date('23-JAN-26','DD-MON-RR'),to_timestamp('23-JAN-26 02.54.29.865146000 AM','DD-MON-RR HH.MI.SSXFF AM'),null);
Insert into GAMIFY.TASKS (TASK_ID,USER_ID,TITLE,DESCRIPTION,TASK_TYPE,DIFFICULTY,CATEGORY,COMPLETED,DUE_DATE,CREATED_AT,COMPLETED_AT) values (62,107,'practice the guitar','learn how to play dream on','DAILY','MEDIUM','PERSONAL','Y',null,to_timestamp('23-JAN-26 04.24.30.687774000 AM','DD-MON-RR HH.MI.SSXFF AM'),to_timestamp('23-JAN-26 04.24.33.728787000 AM','DD-MON-RR HH.MI.SSXFF AM'));
Insert into GAMIFY.TASKS (TASK_ID,USER_ID,TITLE,DESCRIPTION,TASK_TYPE,DIFFICULTY,CATEGORY,COMPLETED,DUE_DATE,CREATED_AT,COMPLETED_AT) values (63,107,'practice the guitar','learn how to play dream on','DAILY','MEDIUM','PERSONAL','Y',to_date('24-JAN-26','DD-MON-RR'),to_timestamp('23-JAN-26 04.24.33.915134000 AM','DD-MON-RR HH.MI.SSXFF AM'),to_timestamp('23-JAN-26 04.25.26.998035000 AM','DD-MON-RR HH.MI.SSXFF AM'));
Insert into GAMIFY.TASKS (TASK_ID,USER_ID,TITLE,DESCRIPTION,TASK_TYPE,DIFFICULTY,CATEGORY,COMPLETED,DUE_DATE,CREATED_AT,COMPLETED_AT) values (64,107,'practice the guitar','learn how to play dream on','DAILY','MEDIUM','PERSONAL','Y',to_date('25-JAN-26','DD-MON-RR'),to_timestamp('23-JAN-26 04.25.27.183261000 AM','DD-MON-RR HH.MI.SSXFF AM'),to_timestamp('23-JAN-26 04.30.22.262379000 AM','DD-MON-RR HH.MI.SSXFF AM'));
Insert into GAMIFY.TASKS (TASK_ID,USER_ID,TITLE,DESCRIPTION,TASK_TYPE,DIFFICULTY,CATEGORY,COMPLETED,DUE_DATE,CREATED_AT,COMPLETED_AT) values (70,2,'sudy os','must study','DAILY','HARD','STUDY','Y',to_date('23-JAN-26','DD-MON-RR'),to_timestamp('23-JAN-26 12.30.29.379994000 PM','DD-MON-RR HH.MI.SSXFF AM'),to_timestamp('23-JAN-26 12.30.37.941511000 PM','DD-MON-RR HH.MI.SSXFF AM'));
Insert into GAMIFY.TASKS (TASK_ID,USER_ID,TITLE,DESCRIPTION,TASK_TYPE,DIFFICULTY,CATEGORY,COMPLETED,DUE_DATE,CREATED_AT,COMPLETED_AT) values (71,2,'sudy os','must study','DAILY','EASY','STUDY','N',to_date('24-JAN-26','DD-MON-RR'),to_timestamp('23-JAN-26 12.30.38.317236000 PM','DD-MON-RR HH.MI.SSXFF AM'),null);
Insert into GAMIFY.TASKS (TASK_ID,USER_ID,TITLE,DESCRIPTION,TASK_TYPE,DIFFICULTY,CATEGORY,COMPLETED,DUE_DATE,CREATED_AT,COMPLETED_AT) values (75,2,'daily','daily mock task','DAILY','MEDIUM','HEALTH','N',to_date('24-JAN-26','DD-MON-RR'),to_timestamp('23-JAN-26 01.23.59.121342000 PM','DD-MON-RR HH.MI.SSXFF AM'),null);
Insert into GAMIFY.TASKS (TASK_ID,USER_ID,TITLE,DESCRIPTION,TASK_TYPE,DIFFICULTY,CATEGORY,COMPLETED,DUE_DATE,CREATED_AT,COMPLETED_AT) values (76,2,'HW','hw for my childern','WEEKLY','HARD','OTHER','Y',null,to_timestamp('23-JAN-26 01.40.31.656742000 PM','DD-MON-RR HH.MI.SSXFF AM'),to_timestamp('23-JAN-26 01.40.41.229159000 PM','DD-MON-RR HH.MI.SSXFF AM'));
Insert into GAMIFY.TASKS (TASK_ID,USER_ID,TITLE,DESCRIPTION,TASK_TYPE,DIFFICULTY,CATEGORY,COMPLETED,DUE_DATE,CREATED_AT,COMPLETED_AT) values (77,2,'HW','hw for my childern','WEEKLY','HARD','OTHER','Y',to_date('30-JAN-26','DD-MON-RR'),to_timestamp('23-JAN-26 01.40.41.608603000 PM','DD-MON-RR HH.MI.SSXFF AM'),to_timestamp('23-JAN-26 01.41.01.652684000 PM','DD-MON-RR HH.MI.SSXFF AM'));
Insert into GAMIFY.TASKS (TASK_ID,USER_ID,TITLE,DESCRIPTION,TASK_TYPE,DIFFICULTY,CATEGORY,COMPLETED,DUE_DATE,CREATED_AT,COMPLETED_AT) values (51,1,'Test Task','From API','DAILY','EASY','STUDY','Y',to_date('24-JAN-26','DD-MON-RR'),to_timestamp('22-JAN-26 11.06.07.576433000 PM','DD-MON-RR HH.MI.SSXFF AM'),to_timestamp('22-JAN-26 11.06.56.402276000 PM','DD-MON-RR HH.MI.SSXFF AM'));
Insert into GAMIFY.TASKS (TASK_ID,USER_ID,TITLE,DESCRIPTION,TASK_TYPE,DIFFICULTY,CATEGORY,COMPLETED,DUE_DATE,CREATED_AT,COMPLETED_AT) values (52,1,'Test Task','From API','WEEKLY','HARD','STUDY','Y',to_date('04-FEB-26','DD-MON-RR'),to_timestamp('22-JAN-26 11.06.12.778372000 PM','DD-MON-RR HH.MI.SSXFF AM'),to_timestamp('22-JAN-26 11.07.10.956324000 PM','DD-MON-RR HH.MI.SSXFF AM'));
REM INSERTING into GAMIFY.USERS
SET DEFINE OFF;
Insert into GAMIFY.USERS (USER_ID,USERNAME,ROLE,TOTAL_POINTS,CURRENT_STREAK,LONGEST_STREAK,LAST_COMPLETION_DATE,RANK_NAME,PASSWORD_HASH) values (1,'Laith','ADMIN',455,2,2,to_date('23-JAN-26','DD-MON-RR'),'Gold','6bae15914f494dafd8929e6071a9bcce6be22071cf64c7afef69b0c53edf12c7');
Insert into GAMIFY.USERS (USER_ID,USERNAME,ROLE,TOTAL_POINTS,CURRENT_STREAK,LONGEST_STREAK,LAST_COMPLETION_DATE,RANK_NAME,PASSWORD_HASH) values (47,'robiq','PLAYER',0,0,0,null,'Bronze',null);
Insert into GAMIFY.USERS (USER_ID,USERNAME,ROLE,TOTAL_POINTS,CURRENT_STREAK,LONGEST_STREAK,LAST_COMPLETION_DATE,RANK_NAME,PASSWORD_HASH) values (2,'Aisha','PLAYER',335,1,1,to_date('23-JAN-26','DD-MON-RR'),'Gold','8df687b1386206047ab4261a6b17346f43d2fc63501048e5420b290a372ad379');
Insert into GAMIFY.USERS (USER_ID,USERNAME,ROLE,TOTAL_POINTS,CURRENT_STREAK,LONGEST_STREAK,LAST_COMPLETION_DATE,RANK_NAME,PASSWORD_HASH) values (87,'admin','PLAYER',0,0,0,null,'Bronze',null);
Insert into GAMIFY.USERS (USER_ID,USERNAME,ROLE,TOTAL_POINTS,CURRENT_STREAK,LONGEST_STREAK,LAST_COMPLETION_DATE,RANK_NAME,PASSWORD_HASH) values (107,'mihai','ADMIN',45,1,1,to_date('23-JAN-26','DD-MON-RR'),'Bronze','4cd823a7b39070ae0cb034f21decc7c6d8806e4469543e8df334da0865f1f77d');
Insert into GAMIFY.USERS (USER_ID,USERNAME,ROLE,TOTAL_POINTS,CURRENT_STREAK,LONGEST_STREAK,LAST_COMPLETION_DATE,RANK_NAME,PASSWORD_HASH) values (23,'mohammed','PLAYER',0,0,0,null,'Bronze','ae6d72c21ce45df788247ae1182e80063b4c6378bb372d288745f4ba21ddccc6');
--------------------------------------------------------
--  DDL for Index PK_ACHIEVEMENTS
--------------------------------------------------------

  CREATE UNIQUE INDEX "GAMIFY"."PK_ACHIEVEMENTS" ON "GAMIFY"."ACHIEVEMENTS" ("USER_ID", "ACHIEVEMENT") 
  PCTFREE 10 INITRANS 2 MAXTRANS 255 COMPUTE STATISTICS 
  STORAGE(INITIAL 65536 NEXT 1048576 MINEXTENTS 1 MAXEXTENTS 2147483645
  PCTINCREASE 0 FREELISTS 1 FREELIST GROUPS 1
  BUFFER_POOL DEFAULT FLASH_CACHE DEFAULT CELL_FLASH_CACHE DEFAULT)
  TABLESPACE "USERS" ;
--------------------------------------------------------
--  Constraints for Table ACHIEVEMENTS
--------------------------------------------------------

  ALTER TABLE "GAMIFY"."ACHIEVEMENTS" MODIFY ("USER_ID" NOT NULL ENABLE);
  ALTER TABLE "GAMIFY"."ACHIEVEMENTS" MODIFY ("ACHIEVEMENT" NOT NULL ENABLE);
  ALTER TABLE "GAMIFY"."ACHIEVEMENTS" ADD CONSTRAINT "PK_ACHIEVEMENTS" PRIMARY KEY ("USER_ID", "ACHIEVEMENT")
  USING INDEX PCTFREE 10 INITRANS 2 MAXTRANS 255 COMPUTE STATISTICS 
  STORAGE(INITIAL 65536 NEXT 1048576 MINEXTENTS 1 MAXEXTENTS 2147483645
  PCTINCREASE 0 FREELISTS 1 FREELIST GROUPS 1
  BUFFER_POOL DEFAULT FLASH_CACHE DEFAULT CELL_FLASH_CACHE DEFAULT)
  TABLESPACE "USERS"  ENABLE;
--------------------------------------------------------
--  Constraints for Table TASKS
--------------------------------------------------------

  ALTER TABLE "GAMIFY"."TASKS" MODIFY ("USER_ID" NOT NULL ENABLE);
  ALTER TABLE "GAMIFY"."TASKS" MODIFY ("TITLE" NOT NULL ENABLE);
  ALTER TABLE "GAMIFY"."TASKS" MODIFY ("TASK_TYPE" NOT NULL ENABLE);
  ALTER TABLE "GAMIFY"."TASKS" MODIFY ("DIFFICULTY" NOT NULL ENABLE);
  ALTER TABLE "GAMIFY"."TASKS" MODIFY ("CATEGORY" NOT NULL ENABLE);
  ALTER TABLE "GAMIFY"."TASKS" MODIFY ("COMPLETED" NOT NULL ENABLE);
  ALTER TABLE "GAMIFY"."TASKS" MODIFY ("CREATED_AT" NOT NULL ENABLE);
  ALTER TABLE "GAMIFY"."TASKS" ADD CHECK (COMPLETED IN ('Y','N')) ENABLE;
  ALTER TABLE "GAMIFY"."TASKS" ADD PRIMARY KEY ("TASK_ID")
  USING INDEX PCTFREE 10 INITRANS 2 MAXTRANS 255 COMPUTE STATISTICS 
  STORAGE(INITIAL 65536 NEXT 1048576 MINEXTENTS 1 MAXEXTENTS 2147483645
  PCTINCREASE 0 FREELISTS 1 FREELIST GROUPS 1
  BUFFER_POOL DEFAULT FLASH_CACHE DEFAULT CELL_FLASH_CACHE DEFAULT)
  TABLESPACE "USERS"  ENABLE;
--------------------------------------------------------
--  Constraints for Table USERS
--------------------------------------------------------

  ALTER TABLE "GAMIFY"."USERS" MODIFY ("USERNAME" NOT NULL ENABLE);
  ALTER TABLE "GAMIFY"."USERS" MODIFY ("ROLE" NOT NULL ENABLE);
  ALTER TABLE "GAMIFY"."USERS" MODIFY ("TOTAL_POINTS" NOT NULL ENABLE);
  ALTER TABLE "GAMIFY"."USERS" MODIFY ("CURRENT_STREAK" NOT NULL ENABLE);
  ALTER TABLE "GAMIFY"."USERS" MODIFY ("LONGEST_STREAK" NOT NULL ENABLE);
  ALTER TABLE "GAMIFY"."USERS" ADD PRIMARY KEY ("USER_ID")
  USING INDEX PCTFREE 10 INITRANS 2 MAXTRANS 255 COMPUTE STATISTICS 
  STORAGE(INITIAL 65536 NEXT 1048576 MINEXTENTS 1 MAXEXTENTS 2147483645
  PCTINCREASE 0 FREELISTS 1 FREELIST GROUPS 1
  BUFFER_POOL DEFAULT FLASH_CACHE DEFAULT CELL_FLASH_CACHE DEFAULT)
  TABLESPACE "USERS"  ENABLE;
  ALTER TABLE "GAMIFY"."USERS" ADD UNIQUE ("USERNAME")
  USING INDEX PCTFREE 10 INITRANS 2 MAXTRANS 255 COMPUTE STATISTICS 
  STORAGE(INITIAL 65536 NEXT 1048576 MINEXTENTS 1 MAXEXTENTS 2147483645
  PCTINCREASE 0 FREELISTS 1 FREELIST GROUPS 1
  BUFFER_POOL DEFAULT FLASH_CACHE DEFAULT CELL_FLASH_CACHE DEFAULT)
  TABLESPACE "USERS"  ENABLE;
--------------------------------------------------------
--  Ref Constraints for Table ACHIEVEMENTS
--------------------------------------------------------

  ALTER TABLE "GAMIFY"."ACHIEVEMENTS" ADD CONSTRAINT "FK_ACH_USER" FOREIGN KEY ("USER_ID")
	  REFERENCES "GAMIFY"."USERS" ("USER_ID") ON DELETE CASCADE ENABLE;
--------------------------------------------------------
--  Ref Constraints for Table TASKS
--------------------------------------------------------

  ALTER TABLE "GAMIFY"."TASKS" ADD CONSTRAINT "FK_TASKS_USER" FOREIGN KEY ("USER_ID")
	  REFERENCES "GAMIFY"."USERS" ("USER_ID") ON DELETE CASCADE ENABLE;
